{
    "results": [
        {
            "params": {
                "N": "1500",
                "a": 0.88,
                "p": 1.06,
                "iss": 1.04,
                "reg": 0.0004,
                "in_connectivity": 1.0,
                "rc_connectivity": 0.003
            },
            "metrics": {
                "load_time": 0.0470000000204891,
                "init_time": 1.4369999999180436,
                "states_time": 46.54700000002049,
                "train_time": 1.75,
                "test_time": 13.391000000061467,
                "mae": 0.16808063418983643,
                "mse": 0.06544409587061772,
                "rmse": 0.2558204367727835,
                "nrmse": 0.3231618638588231,
                "r2": 0.8955664045022717,
                "max_err": 4.34692844666206,
                "iter_time": 63.17200000002049
            }
        },
        {
            "params": {
                "N": "1600",
                "a": 0.88,
                "p": 1.06,
                "iss": 1.04,
                "reg": 0.0004,
                "in_connectivity": 1.0,
                "rc_connectivity": 0.003
            },
            "metrics": {
                "load_time": 0.06199999991804361,
                "init_time": 1.7190000000409782,
                "states_time": 60.640000000130385,
                "train_time": 1.7659999998286366,
                "test_time": 17.813000000081956,
                "mae": 0.17946398716157924,
                "mse": 0.06694765397222872,
                "rmse": 0.2587424471790988,
                "nrmse": 0.32685305577856183,
                "r2": 0.8931670745626937,
                "max_err": 4.3711970270463985,
                "iter_time": 82.0
            }
        },
        {
            "params": {
                "N": "1700",
                "a": 0.88,
                "p": 1.06,
                "iss": 1.04,
                "reg": 0.0004,
                "in_connectivity": 1.0,
                "rc_connectivity": 0.003
            },
            "metrics": {
                "load_time": 0.06199999991804361,
                "init_time": 2.0160000000614673,
                "states_time": 75.70299999997951,
                "train_time": 2.047000000020489,
                "test_time": 22.733999999938533,
                "mae": 0.1577097512527034,
                "mse": 0.05381038547142218,
                "rmse": 0.23197065648788895,
                "nrmse": 0.2930339368381391,
                "r2": 0.9141311075485059,
                "max_err": 4.408656932314967,
                "iter_time": 102.56199999991804
            }
        },
        {
            "params": {
                "N": "1800",
                "a": 0.88,
                "p": 1.06,
                "iss": 1.04,
                "reg": 0.0004,
                "in_connectivity": 1.0,
                "rc_connectivity": 0.003
            },
            "metrics": {
                "load_time": 0.0470000000204891,
                "init_time": 2.327999999979511,
                "states_time": 87.35900000017136,
                "train_time": 2.156999999890104,
                "test_time": 26.54700000002049,
                "mae": 0.18780088714685694,
                "mse": 0.07700569703318418,
                "rmse": 0.2774990036616063,
                "nrmse": 0.35054703358942796,
                "r2": 0.8771167710700276,
                "max_err": 4.389472359364833,
                "iter_time": 118.43800000008196
            }
        },
        {
            "params": {
                "N": "1900",
                "a": 0.88,
                "p": 1.06,
                "iss": 1.04,
                "reg": 0.0004,
                "in_connectivity": 1.0,
                "rc_connectivity": 0.003
            },
            "metrics": {
                "load_time": 0.04600000008940697,
                "init_time": 2.6409999998286366,
                "states_time": 97.81300000008196,
                "train_time": 2.530999999959022,
                "test_time": 29.905999999959022,
                "mae": 0.1713418187853332,
                "mse": 0.06757469186150615,
                "rmse": 0.25995132594681286,
                "nrmse": 0.3283801562740583,
                "r2": 0.8921664675496485,
                "max_err": 4.4006375964527,
                "iter_time": 132.93699999991804
            }
        },
        {
            "params": {
                "N": "2000",
                "a": 0.88,
                "p": 1.06,
                "iss": 1.04,
                "reg": 0.0004,
                "in_connectivity": 1.0,
                "rc_connectivity": 0.003
            },
            "metrics": {
                "load_time": 0.06300000008195639,
                "init_time": 3.046000000089407,
                "states_time": 107.5319999998901,
                "train_time": 2.655999999959022,
                "test_time": 33.062000000150874,
                "mae": 0.17440481433805802,
                "mse": 0.06942229665652355,
                "rmse": 0.2634811125233146,
                "nrmse": 0.33283911359379464,
                "r2": 0.8892181188982442,
                "max_err": 4.420782342845748,
                "iter_time": 146.35900000017136
            }
        },
        {
            "params": {
                "N": "2100",
                "a": 0.88,
                "p": 1.06,
                "iss": 1.04,
                "reg": 0.0004,
                "in_connectivity": 1.0,
                "rc_connectivity": 0.003
            },
            "metrics": {
                "load_time": 0.06299999984912574,
                "init_time": 3.4370000001508743,
                "states_time": 118.04700000002049,
                "train_time": 2.9689999998081475,
                "test_time": 36.57799999997951,
                "mae": 0.20038134581732656,
                "mse": 0.07116789036643649,
                "rmse": 0.2667731065276942,
                "nrmse": 0.3369976825169346,
                "r2": 0.8864325562744617,
                "max_err": 4.4161855070269596,
                "iter_time": 161.09399999980815
            }
        },
        {
            "params": {
                "N": "2200",
                "a": 0.88,
                "p": 1.06,
                "iss": 1.04,
                "reg": 0.0004,
                "in_connectivity": 1.0,
                "rc_connectivity": 0.003
            },
            "metrics": {
                "load_time": 0.06300000008195639,
                "init_time": 3.922000000020489,
                "states_time": 131.28099999995902,
                "train_time": 3.202999999979511,
                "test_time": 40.64100000006147,
                "mae": 0.20128101538286633,
                "mse": 0.07365912880589723,
                "rmse": 0.271402153281615,
                "nrmse": 0.34284526606326143,
                "r2": 0.8824571176345974,
                "max_err": 4.406779094439665,
                "iter_time": 179.11000000010245
            }
        },
        {
            "params": {
                "N": "2300",
                "a": 0.88,
                "p": 1.06,
                "iss": 1.04,
                "reg": 0.0004,
                "in_connectivity": 1.0,
                "rc_connectivity": 0.003
            },
            "metrics": {
                "load_time": 0.06199999991804361,
                "init_time": 4.452999999979511,
                "states_time": 145.75,
                "train_time": 3.5780000002123415,
                "test_time": 45.21899999980815,
                "mae": 0.18388005577043176,
                "mse": 0.06731294260036252,
                "rmse": 0.25944737925128963,
                "nrmse": 0.3277435521173879,