{
    "results": [
        {
            "params": {
                "N": "1500",
                "a": 0.9,
                "p": 1.06,
                "iss": 1.04,
                "reg": 0.0004,
                "in_connectivity": 1.0,
                "rc_connectivity": 0.003,
                "seed": "0"
            },
            "metrics": {
                "load_time": 0.06199999991804361,
                "init_time": 1.547000000020489,
                "states_time": 53.28100000019185,
                "train_time": 1.625,
                "test_time": 14.515999999828637,
                "mae": 0.24195758933267106,
                "mse": 0.24175291338470398,
                "rmse": 0.49168375342765186,
                "nrmse": 0.6162983148344716,
                "r2": 0.6201764246818999,
                "max_err": 4.736513200141241,
                "iter_time": 71.03099999995902
            }
        },
        {
            "params": {
                "N": "1500",
                "a": 0.9,
                "p": 1.06,
                "iss": 1.04,
                "reg": 0.0004,
                "in_connectivity": 1.0,
                "rc_connectivity": 0.003,
                "seed": "1"
            },
            "metrics": {
                "load_time": 0.06200000015087426,
                "init_time": 1.5629999998491257,
                "states_time": 50.34400000004098,
                "train_time": 1.6869999999180436,
                "test_time": 17.469000000040978,
                "mae": 0.26486184400192864,
                "mse": 0.31548219791186305,
                "rmse": 0.5616780197870156,
                "nrmse": 0.7040322456479866,
                "r2": 0.5043386460893922,
                "max_err": 4.677428551752098,
                "iter_time": 71.125
            }
        },
        {
            "params": {
                "N": "1500",
                "a": 0.9,
                "p": 1.06,
                "iss": 1.04,
                "reg": 0.0004,
                "in_connectivity": 1.0,
                "rc_connectivity": 0.003,
                "seed": "2"
            },
            "metrics": {
                "load_time": 0.0779999999795109,
                "init_time": 1.6560000001918525,
                "states_time": 56.54699999978766,
                "train_time": 1.922000000020489,
                "test_time": 16.75,
                "mae": 1.5828994218964474,
                "mse": 4.288361858160062,
                "rmse": 2.0708360287961147,
                "nrmse": 2.5956781080287357,
                "r2": -5.737544174419797,
                "max_err": 8.626701507610578,
                "iter_time": 76.95299999997951
            }
        },
        {
            "params": {
                "N": "1500",
                "a": 0.9,
                "p": 1.06,
                "iss": 1.04,
                "reg": 0.0004,
                "in_connectivity": 1.0,
                "rc_connectivity": 0.003,
                "seed": "3"
            },
            "metrics": {
                "load_time": 0.06300000008195639,
                "init_time": 1.593000000109896,
                "states_time": 64.7819999998901,
                "train_time": 2.593000000109896,
                "test_time": 18.156999999890104,
                "mae": 2.713965307117115,
                "mse": 8.784719486151237,
                "rmse": 2.9639027457309117,
                "nrmse": 3.715087705854011,
                "r2": -12.801875297721477,
                "max_err": 5.489152207541601,
                "iter_time": 87.18800000008196
            }
        },
        {
            "params": {
                "N": "1500",
                "a": 0.9,
                "p": 1.06,
                "iss": 1.04,
                "reg": 0.0004,
                "in_connectivity": 1.0,
                "rc_connectivity": 0.003,
                "seed": "4"
            },
            "metrics": {
                "load_time": 0.06199999991804361,
                "init_time": 1.702999999979511,
                "states_time": 68.67200000002049,
                "train_time": 2.2340000001713634,
                "test_time": 15.047000000020489,
                "mae": 0.23692478046674179,
                "mse": 0.24267971988342785,
                "rmse": 0.49262533418758303,
                "nrmse": 0.6174785340944752,
                "r2": 0.6187202976262016,
                "max_err": 4.564367118457861,
                "iter_time": 87.7180000001099
            }
        },
        {
            "params": {
                "N": "1500",
                "a": 0.9,
                "p": 1.06,
                "iss": 1.04,
                "reg": 0.0004,
                "in_connectivity": 1.0,
                "rc_connectivity": 0.003,
                "seed": "5"
            },
            "metrics": {
                "load_time": 0.06299999984912574,
                "init_time": 1.4839999999385327,
                "states_time": 54.125,
                "train_time": 1.922000000020489,
                "test_time": 14.891000000061467,
                "mae": 0.26659150559629924,
                "mse": 0.23047217704168899,
                "rmse": 0.48007517853112236,
                "nrmse": 0.6017476100440731,
                "r2": 0.6378998496038015,
                "max_err": 4.5031086628115435,
                "iter_time": 72.48499999986961
            }
        },
        {
            "params": {
                "N": "1500",
                "a": 0.9,
                "p": 1.06,
                "iss": 1.04,
                "reg": 0.0004,
                "in_connectivity": 1.0,
                "rc_connectivity": 0.003,
                "seed": "6"
            },
            "metrics": {
                "load_time": 0.06199999991804361,
                "init_time": 1.5780000002123415,
                "states_time": 50.812999999849126,
                "train_time": 1.9690000000409782,
                "test_time": 16.858999999938533,
                "mae": 0.5248342732211206,
                "mse": 0.8703577541227435,
                "rmse": 0.9329296619374601,
                "nrmse": 1.16937558848129,
                "r2": -0.3674391317496679,
                "max_err": 4.861045619722039,
                "iter_time": 71.28099999995902
            }
        },
        {
            "params": {
                "N": "1500",
                "a": 0.9,
                "p": 1.06,
                "iss": 1.04,
                "reg": 0.0004,
                "in_connectivity": 1.0,
                "rc_connectivity": 0.003,
                "seed": "7"
            },
            "metrics": {
                "load_time": 0.06200000015087426,
                "init_time": 1.672000000020489,
                "states_time": 54.26599999982864,
                "train_time": 1.9370000001508743,
                "test_time": 15.531999999890104,
                "mae": 0.4992534102056083,
                "mse": 0.6262922384795749,
                "rmse": 0.7913862764033598,
                "nrmse": 0.9919588050864576,
                "r2": 0.016017826288833747,
                "max_err": 4.9006485683463605,
                "iter_time": 73.46900000004098
            }
        },
        {
            "params": {
                "N": "1500",
                "a": 0.9,
                "p": 1.06,
                "iss": 1.04,
                "reg": 0.0004,
                "in_connectivity": 1.0,
                "rc_connectivity": 0.003,
                "seed": "8"
            },
            "metrics": {
                "load_time": 0.06199999991804361,
                "init_time": 1.547000000020489,
                "states_time": 59.23400000017136,
                "train_time": 2.359999999869615,