{
    "results": [
        {
            "params": {
                "N": "1500",
                "a": 0.9,
                "p": 1.06,
                "iss": 1.04,
                "reg": 0.0004,
                "in_connectivity": 1.0,
                "rc_connectivity": 0.003,
                "seed": "0"
            },
            "metrics": {
                "load_time": 0.06300000008195639,
                "init_time": 1.593000000109896,
                "states_time": 62.109999999869615,
                "train_time": 1.9839999999385327,
                "test_time": 19.20299999997951,
                "mae": 0.16967328546851523,
                "mse": 0.06713175252519696,
                "rmse": 0.25909795932271823,
                "nrmse": 0.3273021519039764,
                "r2": 0.8928732959787492,
                "max_err": 4.378386985346383,
                "iter_time": 84.95299999997951
            }
        },
        {
            "params": {
                "N": "1500",
                "a": 0.9,
                "p": 1.06,
                "iss": 1.04,
                "reg": 0.0004,
                "in_connectivity": 1.0,
                "rc_connectivity": 0.003,
                "seed": "1"
            },
            "metrics": {
                "load_time": 0.06300000008195639,
                "init_time": 1.6559999999590218,
                "states_time": 57.90599999995902,
                "train_time": 1.75,
                "test_time": 15.813000000081956,
                "mae": 0.16998100203428024,
                "mse": 0.0670641817460321,
                "rmse": 0.2589675302929541,
                "nrmse": 0.32713738911609436,
                "r2": 0.8929811232674434,
                "max_err": 4.391732535412157,
                "iter_time": 77.18800000008196
            }
        },
        {
            "params": {
                "N": "1500",
                "a": 0.9,
                "p": 1.06,
                "iss": 1.04,
                "reg": 0.0004,
                "in_connectivity": 1.0,
                "rc_connectivity": 0.003,
                "seed": "2"
            },
            "metrics": {
                "load_time": 0.06199999991804361,
                "init_time": 1.6410000000614673,
                "states_time": 59.390000000130385,
                "train_time": 2.25,
                "test_time": 15.328999999910593,
                "mae": 0.16118786034316948,
                "mse": 0.060312295207254875,
                "rmse": 0.2455856168574513,
                "nrmse": 0.3102328597424091,
                "r2": 0.9037555679023153,
                "max_err": 4.321704746187346,
                "iter_time": 78.67200000002049
            }
        },
        {
            "params": {
                "N": "1500",
                "a": 0.9,
                "p": 1.06,
                "iss": 1.04,
                "reg": 0.0004,
                "in_connectivity": 1.0,
                "rc_connectivity": 0.003,
                "seed": "3"
            },
            "metrics": {
                "load_time": 0.06199999991804361,
                "init_time": 1.5,
                "states_time": 51.51600000006147,
                "train_time": 2.030999999959022,
                "test_time": 15.109000000171363,
                "mae": 0.17191185941879902,
                "mse": 0.06473838560106598,
                "rmse": 0.25443739033614143,
                "nrmse": 0.32141474830422995,
                "r2": 0.8966925543840679,
                "max_err": 4.386246193965865,
                "iter_time": 70.2180000001099
            }
        },
        {
            "params": {
                "N": "1500",
                "a": 0.9,
                "p": 1.06,
                "iss": 1.04,
                "reg": 0.0004,
                "in_connectivity": 1.0,
                "rc_connectivity": 0.003,
                "seed": "4"
            },
            "metrics": {
                "load_time": 0.06299999984912574,
                "init_time": 1.5620000001508743,
                "states_time": 50.54699999978766,
                "train_time": 2.1560000001918525,
                "test_time": 14.890999999828637,
                "mae": 0.17016999130621163,
                "mse": 0.06545030488295785,
                "rmse": 0.2558325719742462,
                "nrmse": 0.3231771934953934,
                "r2": 0.8955564963589235,
                "max_err": 4.363618312130969,
                "iter_time": 69.21899999980815
            }
        },
        {
            "params": {
                "N": "1500",
                "a": 0.9,
                "p": 1.06,
                "iss": 1.04,
                "reg": 0.0004,
                "in_connectivity": 1.0,
                "rc_connectivity": 0.003,
                "seed": "5"
            },
            "metrics": {
                "load_time": 0.06300000008195639,
                "init_time": 1.5,
                "states_time": 50.90599999995902,
                "train_time": 2.2339999999385327,
                "test_time": 14.985000000102445,
                "mae": 0.17789777951330918,
                "mse": 0.06855881839947775,
                "rmse": 0.2618373892313276,
                "nrmse": 0.33076270136728253,
                "r2": 0.8905960298895684,
                "max_err": 4.384196018998987,
                "iter_time": 69.68800000008196
            }
        },
        {
            "params": {
                "N": "1500",
                "a": 0.9,
                "p": 1.06,
                "iss": 1.04,
                "reg": 0.0004,
                "in_connectivity": 1.0,
                "rc_connectivity": 0.003,
                "seed": "6"
            },
            "metrics": {
                "load_time": 0.06199999991804361,
                "init_time": 1.452999999979511,
                "states_time": 50.14100000006147,
                "train_time": 1.7809999999590218,
                "test_time": 14.625,
                "mae": 0.17254718113228149,
                "mse": 0.06676799303359289,
                "rmse": 0.2583950329119987,
                "nrmse": 0.32641418919110887,
                "r2": 0.8934537717435874,
                "max_err": 4.358215803026866,
                "iter_time": 68.06199999991804
            }
        },
        {
            "params": {
                "N": "1500",
                "a": 0.9,
                "p": 1.06,
                "iss": 1.04,
                "reg": 0.0004,
                "in_connectivity": 1.0,
                "rc_connectivity": 0.003,
                "seed": "7"
            },
            "metrics": {
                "load_time": 0.06300000008195639,
                "init_time": 1.5,
                "states_time": 52.85899999993853,
                "train_time": 1.702999999979511,
                "test_time": 15.656000000191852,
                "mae": 0.18658701215691795,
                "mse": 0.06872772317317684,
                "rmse": 0.2621597283588325,
                "nrmse": 0.33116989210838677,
                "r2": 0.8903264970527333,
                "max_err": 4.378036362337111,
                "iter_time": 71.78100000019185
            }
        },
        {
            "params": {
                "N": "1500",
                "a": 0.9,
                "p": 1.06,
                "iss": 1.04,
                "reg": 0.0004,
                "in_connectivity": 1.0,
                "rc_connectivity": 0.003,
                "seed": "8"
            },
            "metrics": {
                "load_time": 0.0779999999795109,
                "init_time": 1.6409999998286366,
                "states_time": 51.5,
                "train_time": 2.1880000000819564,