{
    "results": [
        {
            "params": {
                "N": "1500",
                "a": 0.9,
                "p": 1.06,
                "iss": 1.04,
                "reg": 0.0004,
                "in_connectivity": 1.0,
                "rc_connectivity": 0.003,
                "seed": "0"
            },
            "metrics": {
                "load_time": 0.06300000008195639,
                "init_time": 1.468000000109896,
                "states_time": 48.79699999978766,
                "train_time": 1.75,
                "test_time": 14.047000000020489,
                "mae": 0.15524724466814754,
                "mse": 0.09768201550281443,
                "rmse": 0.3125412220856865,
                "nrmse": 0.43960732848028333,
                "r2": 0.8067454033093114,
                "max_err": 5.641371049150948,
                "iter_time": 66.125
            }
        },
        {
            "params": {
                "N": "1500",
                "a": 0.9,
                "p": 1.06,
                "iss": 1.04,
                "reg": 0.0004,
                "in_connectivity": 1.0,
                "rc_connectivity": 0.003,
                "seed": "1"
            },
            "metrics": {
                "load_time": 0.06300000008195639,
                "init_time": 1.5149999998975545,
                "states_time": 48.375,
                "train_time": 1.8600000001024455,
                "test_time": 14.375,
                "mae": 0.15908843250663912,
                "mse": 0.0959518705251682,
                "rmse": 0.3097609893533532,
                "nrmse": 0.4356967701358247,
                "r2": 0.8101683309398517,
                "max_err": 5.686064763683901,
                "iter_time": 66.18800000008196
            }
        },
        {
            "params": {
                "N": "1500",
                "a": 0.9,
                "p": 1.06,
                "iss": 1.04,
                "reg": 0.0004,
                "in_connectivity": 1.0,
                "rc_connectivity": 0.003,
                "seed": "2"
            },
            "metrics": {
                "load_time": 0.06199999991804361,
                "init_time": 1.547000000020489,
                "states_time": 47.937000000150874,
                "train_time": 1.797000000020489,
                "test_time": 14.015999999828637,
                "mae": 0.1468701779231228,
                "mse": 0.08813911797792848,
                "rmse": 0.29688233018812094,
                "nrmse": 0.41758219020216175,
                "r2": 0.8256251203476979,
                "max_err": 5.643842038500709,
                "iter_time": 65.35899999993853
            }
        },
        {
            "params": {
                "N": "1500",
                "a": 0.9,
                "p": 1.06,
                "iss": 1.04,
                "reg": 0.0004,
                "in_connectivity": 1.0,
                "rc_connectivity": 0.003,
                "seed": "3"
            },
            "metrics": {
                "load_time": 0.06200000015087426,
                "init_time": 1.5,
                "states_time": 48.531999999890104,
                "train_time": 1.9369999999180436,
                "test_time": 14.531000000191852,
                "mae": 0.1337522046752178,
                "mse": 0.08127170586349489,
                "rmse": 0.28508192833551355,
                "nrmse": 0.40098424162181,
                "r2": 0.8392116434313188,
                "max_err": 5.661048764617764,
                "iter_time": 66.56200000015087
            }
        },
        {
            "params": {
                "N": "1500",
                "a": 0.9,
                "p": 1.06,
                "iss": 1.04,
                "reg": 0.0004,
                "in_connectivity": 1.0,
                "rc_connectivity": 0.003,
                "seed": "4"
            },
            "metrics": {
                "load_time": 0.06299999984912574,
                "init_time": 1.4690000000409782,
                "states_time": 49.311999999918044,
                "train_time": 1.7660000000614673,
                "test_time": 15.155999999959022,
                "mae": 0.14332181257207444,
                "mse": 0.08993473761331121,
                "rmse": 0.2998912096299443,
                "nrmse": 0.4218143533847085,
                "r2": 0.8220726573210133,
                "max_err": 5.601767707332236,
                "iter_time": 67.76599999982864
            }
        },
        {
            "params": {
                "N": "1500",
                "a": 0.9,
                "p": 1.06,
                "iss": 1.04,
                "reg": 0.0004,
                "in_connectivity": 1.0,
                "rc_connectivity": 0.003,
                "seed": "5"
            },
            "metrics": {
                "load_time": 0.06300000008195639,
                "init_time": 1.452999999979511,
                "states_time": 51.57799999997951,
                "train_time": 2.265000000130385,
                "test_time": 14.968999999808148,
                "mae": 0.14598751568763751,
                "mse": 0.09103944492041728,
                "rmse": 0.3017274348156251,
                "nrmse": 0.42439711044625233,
                "r2": 0.8198870987614657,
                "max_err": 5.676845699844292,
                "iter_time": 70.32799999997951
            }
        },
        {
            "params": {
                "N": "1500",
                "a": 0.9,
                "p": 1.06,
                "iss": 1.04,
                "reg": 0.0004,
                "in_connectivity": 1.0,
                "rc_connectivity": 0.003,
                "seed": "6"
            },
            "metrics": {
                "load_time": 0.06300000008195639,
                "init_time": 1.5,
                "states_time": 51.5,
                "train_time": 1.843000000109896,
                "test_time": 15.140999999828637,
                "mae": 0.14007770487307022,
                "mse": 0.08943121956583185,
                "rmse": 0.29905053012130217,
                "nrmse": 0.4206318889710992,
                "r2": 0.8230688199891485,
                "max_err": 5.645437814392311,
                "iter_time": 70.04700000002049
            }
        },
        {
            "params": {
                "N": "1500",
                "a": 0.9,
                "p": 1.06,
                "iss": 1.04,
                "reg": 0.0004,
                "in_connectivity": 1.0,
                "rc_connectivity": 0.003,
                "seed": "7"
            },
            "metrics": {
                "load_time": 0.0779999999795109,
                "init_time": 1.5780000002123415,
                "states_time": 51.01599999982864,
                "train_time": 2.2340000001713634,
                "test_time": 15.171999999787658,
                "mae": 0.14076642173032017,
                "mse": 0.08772804430372463,
                "rmse": 0.29618920355699097,
                "nrmse": 0.41660726745572785,
                "r2": 0.8264383905971854,
                "max_err": 5.546551045483671,
                "iter_time": 70.07799999997951
            }
        },
        {
            "params": {
                "N": "1500",
                "a": 0.9,
                "p": 1.06,
                "iss": 1.04,
                "reg": 0.0004,
                "in_connectivity": 1.0,
                "rc_connectivity": 0.003,
                "seed": "8"
            },
            "metrics": {
                "load_time": 0.06300000008195639,
                "init_time": 1.5150000001303852,
                "states_time": 50.906999999890104,
                "train_time": 2.218000000109896,