{
    "results": [
        {
            "params": {
                "N": "1500",
                "a": 0.88,
                "p": 1.06,
                "iss": 1.04,
                "reg": 0.0004,
                "in_connectivity": 1.0,
                "rc_connectivity": 0.003
            },
            "metrics": {
                "load_time": 0.06200000015087426,
                "init_time": 1.4689999998081475,
                "states_time": 51.063000000081956,
                "train_time": 1.547000000020489,
                "test_time": 14.155999999959022,
                "mae": 0.24567535790774309,
                "mse": 0.26368837205813445,
                "rmse": 0.5135059610736125,
                "nrmse": 0.6436512418010779,
                "r2": 0.5857131198847139,
                "max_err": 4.7588908104189755,
                "iter_time": 68.29700000002049
            }
        },
        {
            "params": {
                "N": "1600",
                "a": 0.88,
                "p": 1.06,
                "iss": 1.04,
                "reg": 0.0004,
                "in_connectivity": 1.0,
                "rc_connectivity": 0.003
            },
            "metrics": {
                "load_time": 0.06200000015087426,
                "init_time": 1.7349999998696148,
                "states_time": 62.875,
                "train_time": 1.797000000020489,
                "test_time": 18.514999999897555,
                "mae": 0.3275217728776874,
                "mse": 0.3436483118180919,
                "rmse": 0.5862152435906899,
                "nrmse": 0.7347882947862787,
                "r2": 0.4600862152214481,
                "max_err": 4.909755058515605,
                "iter_time": 84.98399999993853
            }
        },
        {
            "params": {
                "N": "1700",
                "a": 0.88,
                "p": 1.06,
                "iss": 1.04,
                "reg": 0.0004,
                "in_connectivity": 1.0,
                "rc_connectivity": 0.003
            },
            "metrics": {
                "load_time": 0.06300000008195639,
                "init_time": 2.030999999959022,
                "states_time": 77.43700000015087,
                "train_time": 2.0939999998081475,
                "test_time": 23.266000000061467,
                "mae": 1.921147425596582,
                "mse": 5.53982169199985,
                "rmse": 2.3536825809781257,
                "nrmse": 2.9502105737677393,
                "r2": -7.703741569111044,
                "max_err": 8.968443566743407,
                "iter_time": 104.89100000006147
            }
        },
        {
            "params": {
                "N": "1800",
                "a": 0.88,
                "p": 1.06,
                "iss": 1.04,
                "reg": 0.0004,
                "in_connectivity": 1.0,
                "rc_connectivity": 0.003
            },
            "metrics": {
                "load_time": 0.06200000015087426,
                "init_time": 2.375,
                "states_time": 89.07799999997951,
                "train_time": 2.172000000020489,
                "test_time": 27.07799999997951,
                "mae": 0.3470192997595771,
                "mse": 0.5568318205389557,
                "rmse": 0.7462116459416562,
                "nrmse": 0.935334911307721,
                "r2": 0.12514869017758623,
                "max_err": 6.214208715583403,
                "iter_time": 120.76500000013039
            }
        },
        {
            "params": {
                "N": "1900",
                "a": 0.88,
                "p": 1.06,
                "iss": 1.04,
                "reg": 0.0004,
                "in_connectivity": 1.0,
                "rc_connectivity": 0.003
            },
            "metrics": {
                "load_time": 0.06299999984912574,
                "init_time": 2.719000000040978,
                "states_time": 99.18699999991804,
                "train_time": 2.4530000002123415,
                "test_time": 30.390999999828637,
                "mae": 2.385220944911023,
                "mse": 7.427669505181469,
                "rmse": 2.725375112747137,
                "nrmse": 3.416106547285007,
                "r2": -10.669782788717987,
                "max_err": 5.192728333153312,
                "iter_time": 134.81299999984913
            }
        },
        {
            "params": {
                "N": "2000",
                "a": 0.88,
                "p": 1.06,
                "iss": 1.04,
                "reg": 0.0004,
                "in_connectivity": 1.0,
                "rc_connectivity": 0.003
            },
            "metrics": {
                "load_time": 0.06200000015087426,
                "init_time": 3.0629999998491257,
                "states_time": 109.29700000002049,
                "train_time": 2.655999999959022,
                "test_time": 33.57799999997951,
                "mae": 0.3163873083330331,
                "mse": 0.37584760773315823,
                "rmse": 0.6130641138846395,
                "nrmse": 0.7684418645900759,
                "r2": 0.4094971591229838,
                "max_err": 4.6255022709664715,
                "iter_time": 148.65599999995902
            }
        },
        {
            "params": {
                "N": "2100",
                "a": 0.88,
                "p": 1.06,
                "iss": 1.04,
                "reg": 0.0004,
                "in_connectivity": 1.0,
                "rc_connectivity": 0.003
            },
            "metrics": {
                "load_time": 0.06300000008195639,
                "init_time": 3.4839999999385327,
                "states_time": 120.0,
                "train_time": 3.0,
                "test_time": 37.04700000002049,
                "mae": 0.26624625612885167,
                "mse": 0.3145870277203034,
                "rmse": 0.5608805824061869,
                "nrmse": 0.7030327021191134,
                "r2": 0.505745068613597,
                "max_err": 4.583781783128266,
                "iter_time": 163.59400000004098
            }
        },
        {
            "params": {
                "N": "2200",
                "a": 0.88,
                "p": 1.06,
                "iss": 1.04,
                "reg": 0.0004,
                "in_connectivity": 1.0,
                "rc_connectivity": 0.003
            },
            "metrics": {
                "load_time": 0.0470000000204891,
                "init_time": 3.9370000001508743,
                "states_time": 134.34399999980815,
                "train_time": 3.202999999979511,
                "test_time": 41.313000000081956,
                "mae": 0.27250920919351906,
                "mse": 0.33387020637828624,
                "rmse": 0.5778150278231661,
                "nrmse": 0.7242590902199687,
                "r2": 0.47544882209135697,
                "max_err": 4.490417914552728,
                "iter_time": 182.84400000004098
            }
        },
        {
            "params": {
                "N": "2300",
                "a": 0.88,
                "p": 1.06,
                "iss": 1.04,
                "reg": 0.0004,
                "in_connectivity": 1.0,
                "rc_connectivity": 0.003
            },
            "metrics": {
                "load_time": 0.06199999991804361,
                "init_time": 4.7030000002123415,
                "states_time": 147.51599999982864,
                "train_time": 3.530999999959022,
                "test_time": 45.96900000004098,
                "mae": 0.2333854304217907,
                "mse": 0.22683294963514938,
                "rmse": 0.4762698286004997,
                "nrmse": 0.5969778149608533,
                "r2": 0.6436175236768659,