{
    "results": [
        {
            "params": {
                "N": "1500",
                "a": 0.88,
                "p": 1.06,
                "iss": 1.04,
                "reg": 0.0004,
                "in_connectivity": 1.0,
                "rc_connectivity": 0.003
            },
            "metrics": {
                "load_time": 0.06200000015087426,
                "init_time": 1.406999999890104,
                "states_time": 46.23399999993853,
                "train_time": 1.6559999999590218,
                "test_time": 13.391000000061467,
                "mae": 0.14689138499847706,
                "mse": 0.0955781615425567,
                "rmse": 0.30915717934823495,
                "nrmse": 0.4348474763963034,
                "r2": 0.8109076786932996,
                "max_err": 5.62113443751023,
                "iter_time": 62.75
            }
        },
        {
            "params": {
                "N": "1600",
                "a": 0.88,
                "p": 1.06,
                "iss": 1.04,
                "reg": 0.0004,
                "in_connectivity": 1.0,
                "rc_connectivity": 0.003
            },
            "metrics": {
                "load_time": 0.06200000015087426,
                "init_time": 1.702999999979511,
                "states_time": 60.64099999982864,
                "train_time": 1.8590000001713634,
                "test_time": 17.828999999910593,
                "mae": 0.14940530908138294,
                "mse": 0.09287195621942602,
                "rmse": 0.30474900528045373,
                "nrmse": 0.4286471242876076,
                "r2": 0.8162616490796779,
                "max_err": 5.615348946330517,
                "iter_time": 82.09400000004098
            }
        },
        {
            "params": {
                "N": "1700",
                "a": 0.88,
                "p": 1.06,
                "iss": 1.04,
                "reg": 0.0004,
                "in_connectivity": 1.0,
                "rc_connectivity": 0.003
            },
            "metrics": {
                "load_time": 0.06199999991804361,
                "init_time": 2.0160000000614673,
                "states_time": 75.5930000001099,
                "train_time": 1.9849999998696148,
                "test_time": 22.687000000150874,
                "mae": 0.13729675331962035,
                "mse": 0.08530790978791719,
                "rmse": 0.29207517831530494,
                "nrmse": 0.4108206527054271,
                "r2": 0.8312263970422009,
                "max_err": 5.618785256064028,
                "iter_time": 102.3430000001099
            }
        },
        {
            "params": {
                "N": "1800",
                "a": 0.88,
                "p": 1.06,
                "iss": 1.04,
                "reg": 0.0004,
                "in_connectivity": 1.0,
                "rc_connectivity": 0.003
            },
            "metrics": {
                "load_time": 0.06299999984912574,
                "init_time": 2.327999999979511,
                "states_time": 87.48400000017136,
                "train_time": 2.2189999998081475,
                "test_time": 26.609000000171363,
                "mae": 0.14130274581418498,
                "mse": 0.09203221771197138,
                "rmse": 0.3033681224386824,
                "nrmse": 0.42670483260216413,
                "r2": 0.8179229920172539,
                "max_err": 5.596051366583886,
                "iter_time": 118.70299999997951
            }
        },
        {
            "params": {
                "N": "1900",
                "a": 0.88,
                "p": 1.06,
                "iss": 1.04,
                "reg": 0.0004,
                "in_connectivity": 1.0,
                "rc_connectivity": 0.003
            },
            "metrics": {
                "load_time": 0.0470000000204891,
                "init_time": 2.6410000000614673,
                "states_time": 99.43699999991804,
                "train_time": 2.5,
                "test_time": 30.45299999997951,
                "mae": 0.14350607962595063,
                "mse": 0.09227285473666845,
                "rmse": 0.3037644724727835,
                "nrmse": 0.42726232187820745,
                "r2": 0.8174469145027052,
                "max_err": 5.550516883484146,
                "iter_time": 135.0779999999795
            }
        },
        {
            "params": {
                "N": "2000",
                "a": 0.88,
                "p": 1.06,
                "iss": 1.04,
                "reg": 0.0004,
                "in_connectivity": 1.0,
                "rc_connectivity": 0.003
            },
            "metrics": {
                "load_time": 0.06300000008195639,
                "init_time": 3.077999999979511,
                "states_time": 109.39000000013039,
                "train_time": 2.906999999890104,
                "test_time": 33.65599999995902,
                "mae": 0.14146328144881365,
                "mse": 0.09214601065689114,
                "rmse": 0.30355561377924,
                "nrmse": 0.42696855003049466,
                "r2": 0.8176978634757971,
                "max_err": 5.631184788867688,
                "iter_time": 149.09400000004098
            }
        },
        {
            "params": {
                "N": "2100",
                "a": 0.88,
                "p": 1.06,
                "iss": 1.04,
                "reg": 0.0004,
                "in_connectivity": 1.0,
                "rc_connectivity": 0.003
            },
            "metrics": {
                "load_time": 0.06200000015087426,
                "init_time": 3.5,
                "states_time": 120.31299999984913,
                "train_time": 3.0160000000614673,
                "test_time": 37.15599999995902,
                "mae": 0.15631757844485872,
                "mse": 0.09431050871725874,
                "rmse": 0.30710016072489893,
                "nrmse": 0.43195416057829905,
                "r2": 0.8134156094954615,
                "max_err": 5.624789291163222,
                "iter_time": 164.0470000000205
            }
        },
        {
            "params": {
                "N": "2200",
                "a": 0.88,
                "p": 1.06,
                "iss": 1.04,
                "reg": 0.0004,
                "in_connectivity": 1.0,
                "rc_connectivity": 0.003
            },
            "metrics": {
                "load_time": 0.06200000015087426,
                "init_time": 4.1719999997876585,
                "states_time": 133.36000000010245,
                "train_time": 3.25,
                "test_time": 41.32799999997951,
                "mae": 0.13727074271302325,
                "mse": 0.08741299447107304,
                "rmse": 0.29565688639210325,
                "nrmse": 0.4158585325362223,
                "r2": 0.8270616867897665,
                "max_err": 5.604846561677277,
                "iter_time": 182.18700000015087
            }
        },
        {
            "params": {
                "N": "2300",
                "a": 0.88,
                "p": 1.06,
                "iss": 1.04,
                "reg": 0.0004,
                "in_connectivity": 1.0,
                "rc_connectivity": 0.003
            },
            "metrics": {
                "load_time": 0.06299999984912574,
                "init_time": 4.547000000020489,
                "states_time": 146.125,
                "train_time": 3.530999999959022,
                "test_time": 45.28099999995902,
                "mae": 0.17406826311669524,
                "mse": 0.10485163300993598,
                "rmse": 0.32380801875484183,
                "nrmse": 0.45545473046842816,