{
    "results": [
        {
            "params": {
                "N": "2000",
                "a": 0.9,
                "p": 1.06,
                "iss": 1.04,
                "reg": 0.0004,
                "in_connectivity": 1.0,
                "rc_connectivity": 0.003
            },
            "metrics": {
                "load_time": 0.06300000008195639,
                "init_time": 3.4839999999385327,
                "states_time": 114.42200000002049,
                "train_time": 3.405999999959022,
                "test_time": 35.54700000002049,
                "mae": 0.4344341340258543,
                "mse": 0.6412225508066473,
                "rmse": 0.8007637297022432,
                "nrmse": 1.0037129226981374,
                "r2": -0.007439531594834792,
                "max_err": 4.484554089915408,
                "iter_time": 156.9220000000205
            }
        },
        {
            "params": {
                "N": "3000",
                "a": 0.9,
                "p": 1.06,
                "iss": 1.04,
                "reg": 0.0004,
                "in_connectivity": 1.0,
                "rc_connectivity": 0.003
            },
            "metrics": {
                "load_time": 0.0779999999795109,
                "init_time": 9.985000000102445,
                "states_time": 261.4529999999795,
                "train_time": 6.172000000020489,
                "test_time": 82.70299999997951,
                "mae": 0.3035569154666959,
                "mse": 0.3897223737777383,
                "rmse": 0.6242774813956837,
                "nrmse": 0.7824971988420201,
                "r2": 0.38769819433711405,
                "max_err": 4.04555758305648,
                "iter_time": 360.39100000006147
            }
        },
        {
            "params": {
                "N": "4000",
                "a": 0.9,
                "p": 1.06,
                "iss": 1.04,
                "reg": 0.0004,
                "in_connectivity": 1.0,
                "rc_connectivity": 0.003
            },
            "metrics": {
                "load_time": 0.0470000000204891,
                "init_time": 23.405999999959022,
                "states_time": 431.7970000000205,
                "train_time": 11.218000000109896,
                "test_time": 137.125,
                "mae": 0.4066501652963632,
                "mse": 0.5035003971434784,
                "rmse": 0.7095776188293134,
                "nrmse": 0.8894161901428587,
                "r2": 0.20893891891679128,
                "max_err": 4.288933455551044,
                "iter_time": 603.5930000001099
            }
        },
        {
            "params": {
                "N": "5000",
                "a": 0.9,
                "p": 1.06,
                "iss": 1.04,
                "reg": 0.0004,
                "in_connectivity": 1.0,
                "rc_connectivity": 0.003
            },
            "metrics": {
                "load_time": 0.06299999984912574,
                "init_time": 36.937000000150874,
                "states_time": 666.4379999998491,
                "train_time": 17.625,
                "test_time": 215.28099999995902,
                "mae": 0.542506203544319,
                "mse": 0.7516767739650462,
                "rmse": 0.8669929492014604,
                "nrmse": 1.0867275760919592,
                "r2": -0.1809767078862572,
                "max_err": 4.334484981917398,
                "iter_time": 936.3599999998696
            }
        },
        {
            "params": {
                "N": "6000",
                "a": 0.9,
                "p": 1.06,
                "iss": 1.04,
                "reg": 0.0004,
                "in_connectivity": 1.0,
                "rc_connectivity": 0.003
            },
            "metrics": {
                "load_time": 0.0470000000204891,
                "init_time": 63.85899999993853,
                "states_time": 927.9060000001919,
                "train_time": 25.109999999869615,
                "test_time": 302.18699999991804,
                "mae": 0.3625910295889057,
                "mse": 0.4115112705028829,
                "rmse": 0.6414914422678473,
                "nrmse": 0.8040739440632794,
                "r2": 0.35346515639555387,
                "max_err": 4.279711977209771,
                "iter_time": 1319.1089999999385
            }
        },
        {
            "params": {
                "N": "7000",
                "a": 0.9,
                "p": 1.06,
                "iss": 1.04,
                "reg": 0.0004,
                "in_connectivity": 1.0,
                "rc_connectivity": 0.003
            },
            "metrics": {
                "load_time": 0.06300000008195639,
                "init_time": 95.29700000002049,
                "states_time": 1265.75,
                "train_time": 36.686999999918044,
                "test_time": 411.39100000006147,
                "mae": 0.40219009991669247,
                "mse": 0.46377137525181444,
                "rmse": 0.6810076176165832,
                "nrmse": 0.853605278190863,
                "r2": 0.27135810107891045,
                "max_err": 4.497001181877327,
                "iter_time": 1809.188000000082
            }
        },
        {
            "params": {
                "N": "8000",
                "a": 0.9,
                "p": 1.06,
                "iss": 1.04,
                "reg": 0.0004,
                "in_connectivity": 1.0,
                "rc_connectivity": 0.003
            },
            "metrics": {
                "load_time": 0.06199999991804361,
                "init_time": 134.07800000021234,
                "states_time": 1618.6719999997877,
                "train_time": 46.59400000004098,
                "test_time": 529.3279999999795,
                "mae": 0.24246195156620462,
                "mse": 0.20743377922184864,
                "rmse": 0.4554489864099476,
                "nrmse": 0.5708800440542133,
                "r2": 0.6740960075198291,
                "max_err": 4.468470923996069,
                "iter_time": 2328.7339999999385
            }
        },
        {
            "params": {
                "N": "9000",
                "a": 0.9,
                "p": 1.06,
                "iss": 1.04,
                "reg": 0.0004,
                "in_connectivity": 1.0,
                "rc_connectivity": 0.003
            },
            "metrics": {
                "load_time": 0.06300000008195639,
                "init_time": 174.65599999995902,
                "states_time": 2046.4220000000205,
                "train_time": 59.70299999997951,
                "test_time": 669.6870000001509,
                "mae": 0.3357291118513879,
                "mse": 0.3484331298014093,
                "rmse": 0.5902822458802308,
                "nrmse": 0.7398860565894676,
                "r2": 0.45256867738405326,
                "max_err": 4.188286254827446,
                "iter_time": 2950.531000000192
            }
        },
        {
            "params": {
                "N": "10000",
                "a": 0.9,
                "p": 1.06,
                "iss": 1.04,
                "reg": 0.0004,
                "in_connectivity": 1.0,
                "rc_connectivity": 0.003
            },
            "metrics": {
                "load_time": 0.06299999984912574,
                "init_time": 239.25,
                "states_time": 2488.7029999999795,
                "train_time": 77.81200000015087,
                "test_time": 817.4220000000205,
                "mae": 0.2635571029270846,
                "mse": 0.23188278093932768,
                "rmse": 0.48154208636351575,
                "nrmse": 0.603586297653373,
                "r2": 0.6356836173017478,